pipeline,precision_mean,precision_std,recall_mean,recall_std,mAP50_mean,mAP50_std,mAP50_95_mean,mAP50_95_std
A_N0,0.7584266666666667,0.0131407356465813,0.6933066666666666,0.0116841145720731,0.75299,0.0081155591304604,0.5315733333333333,0.0061446019670385
A_N1,0.7740633333333333,0.0200140958659974,0.6756033333333334,0.0082682605990215,0.7524433333333334,0.0049256200963263,0.5311233333333333,0.0040751237200032
B_N0,0.7609266666666666,0.0122021733036919,0.6642566666666667,0.0111625504851415,0.7354833333333334,0.003683060321707,0.5158133333333333,0.0028865261705609
B_N1,0.76032,0.0326939076893539,0.6681499999999999,0.0184877445893218,0.7338399999999999,0.003227863070206,0.5157566666666668,0.0035699346399245
C_N0,0.77958,0.0104962040757599,0.6743566666666667,0.0058181984611504,0.7542233333333334,0.0062425742553319,0.52986,0.0060362488351624
C_N1,0.7617433333333334,0.0185859122276344,0.6840166666666666,0.0151489845644297,0.7499766666666666,0.0053846293589562,0.5270799999999999,0.0066719787169924
