pipeline,precision_mean,precision_std,recall_mean,recall_std,mAP50_mean,mAP50_std,mAP50_95_mean,mAP50_95_std
A_N0,0.7584266666666667,0.0131407356465813,0.6933066666666666,0.0116841145720731,0.75299,0.0081155591304604,0.5315733333333333,0.0061446019670385
A_N1,0.7740633333333333,0.0200140958659974,0.6756033333333334,0.0082682605990215,0.7524433333333334,0.0049256200963263,0.5311233333333333,0.0040751237200032
C_N1,0.74839,,0.68815,,0.75299,,0.52789,
