experiment_name,pipeline,seed,mode,epoch,precision,recall,mAP50,mAP50_95,train_box_loss,train_cls_loss,train_dfl_loss,val_box_loss,val_cls_loss,val_dfl_loss
pipeline_A_e50_gpu_seed7,A,7,final_epoch,50,0.75436,0.7037,0.757,0.53498,0.66981,0.58777,1.02174,1.04868,0.98954,1.26248
pipeline_A_e50_gpu_seed42,A,42,final_epoch,50,0.77312,0.68066,0.75832,0.53526,0.66948,0.58235,1.02264,1.0461,1.00457,1.26037
pipeline_A_e50_gpu_seed123,A,123,final_epoch,50,0.7478,0.69556,0.74365,0.52448,0.67089,0.59177,1.02454,1.05014,1.0102,1.26332
pipeline_B_e50_gpu_seed7,B,7,final_epoch,50,0.79372,0.66713,0.75581,0.53518,0.67014,0.59027,1.02303,1.04489,0.99474,1.25671
pipeline_B_e50_gpu_seed42,B,42,final_epoch,50,0.77476,0.67603,0.75473,0.53116,0.66989,0.58351,1.0258,1.04702,0.99554,1.2664
pipeline_B_e50_gpu_seed42_Normalized_Training_Only,B,42,final_epoch,50,0.70205,0.55862,0.61888,0.42763,0.66989,0.58351,1.0258,1.14935,1.38904,1.35412
