pipeline,summary_type,precision_mean,precision_std,recall_mean,recall_std,mAP50_mean,mAP50_std,mAP50_95_mean,mAP50_95_std,train_box_loss_mean,train_box_loss_std,train_cls_loss_mean,train_cls_loss_std,train_dfl_loss_mean,train_dfl_loss_std,val_box_loss_mean,val_box_loss_std,val_cls_loss_mean,val_cls_loss_std,val_dfl_loss_mean,val_dfl_loss_std
A,final_epoch,0.7584266666666667,0.013140735646581329,0.6933066666666666,0.011684114572073174,0.75299,0.008115559130460448,0.5315733333333333,0.006144601967038547,0.67006,0.000737495762699686,0.5872966666666667,0.004727804282469109,1.0229733333333335,0.0014294521094926267,1.0483066666666667,0.0020457109603591174,1.0014366666666665,0.01068046035212584,1.2620566666666668,0.001519879381179124
B,final_epoch,0.78424,0.013406744571296965,0.6715800000000001,0.006293250352560247,0.75527,0.00076367532368145,0.5331699999999999,0.0028425692603698985,0.670015,0.00017677669529665666,0.5868899999999999,0.004780041840821014,1.024415,0.0019586857838866938,1.0459550000000002,0.0015061374439272431,0.9951399999999999,0.0005656854249492934,1.261555,0.006851864709697629
A,best_epoch,0.7584266666666667,0.013140735646581329,0.6933066666666666,0.011684114572073174,0.75299,0.008115559130460448,0.5315733333333333,0.006144601967038547,0.67006,0.000737495762699686,0.5872966666666667,0.004727804282469109,1.0229733333333335,0.0014294521094926267,1.0483066666666667,0.0020457109603591174,1.0014366666666665,0.01068046035212584,1.2620566666666668,0.001519879381179124
B,best_epoch,0.78424,0.013406744571296965,0.6715800000000001,0.006293250352560247,0.75527,0.00076367532368145,0.5331699999999999,0.0028425692603698985,0.670015,0.00017677669529665666,0.5868899999999999,0.004780041840821014,1.024415,0.0019586857838866938,1.0459550000000002,0.0015061374439272431,0.9951399999999999,0.0005656854249492934,1.261555,0.006851864709697629
