pipeline,summary_type,precision_mean,precision_std,recall_mean,recall_std,mAP50_mean,mAP50_std,mAP50_95_mean,mAP50_95_std,train_box_loss_mean,train_box_loss_std,train_cls_loss_mean,train_cls_loss_std,train_dfl_loss_mean,train_dfl_loss_std,val_box_loss_mean,val_box_loss_std,val_cls_loss_mean,val_cls_loss_std,val_dfl_loss_mean,val_dfl_loss_std
A_N0,final_epoch,0.7584266666666667,0.013140735646581329,0.6933066666666666,0.011684114572073174,0.75299,0.008115559130460448,0.5315733333333333,0.006144601967038547,0.67006,0.000737495762699686,0.5872966666666667,0.004727804282469109,1.0229733333333335,0.0014294521094926267,1.0483066666666667,0.0020457109603591174,1.0014366666666665,0.01068046035212584,1.2620566666666668,0.001519879381179124
A_N1,final_epoch,0.7740633333333333,0.0200140958659974,0.6756033333333334,0.00826826059902158,0.7524433333333334,0.0049256200963263205,0.5311233333333333,0.004075123720003229,0.6701366666666666,0.0002450170062124619,0.5879533333333333,0.003849212040578349,1.0235533333333333,0.0020360828404888775,1.04564,0.0011966202405107344,0.9997699999999999,0.008029364856575016,1.26182,0.004866692922303601
C_N1,final_epoch,0.74839,,0.68815,,0.75299,,0.52789,,0.67584,,0.5862,,1.02805,,1.05238,,1.0019,,1.27094,
A_N0,best_epoch,0.7584266666666667,0.013140735646581329,0.6933066666666666,0.011684114572073174,0.75299,0.008115559130460448,0.5315733333333333,0.006144601967038547,0.67006,0.000737495762699686,0.5872966666666667,0.004727804282469109,1.0229733333333335,0.0014294521094926267,1.0483066666666667,0.0020457109603591174,1.0014366666666665,0.01068046035212584,1.2620566666666668,0.001519879381179124
A_N1,best_epoch,0.7740633333333333,0.0200140958659974,0.6756033333333334,0.00826826059902158,0.7524433333333334,0.0049256200963263205,0.5311233333333333,0.004075123720003229,0.6701366666666666,0.0002450170062124619,0.5879533333333333,0.003849212040578349,1.0235533333333333,0.0020360828404888775,1.04564,0.0011966202405107344,0.9997699999999999,0.008029364856575016,1.26182,0.004866692922303601
C_N1,best_epoch,0.74839,,0.68815,,0.75299,,0.52789,,0.67584,,0.5862,,1.02805,,1.05238,,1.0019,,1.27094,
