pipeline,summary_type,precision_mean,precision_std,recall_mean,recall_std,mAP50_mean,mAP50_std,mAP50_95_mean,mAP50_95_std,train_box_loss_mean,train_box_loss_std,train_cls_loss_mean,train_cls_loss_std,train_dfl_loss_mean,train_dfl_loss_std,val_box_loss_mean,val_box_loss_std,val_cls_loss_mean,val_cls_loss_std,val_dfl_loss_mean,val_dfl_loss_std
A,final_epoch,0.7584266666666667,0.013140735646581329,0.6933066666666666,0.011684114572073174,0.75299,0.008115559130460448,0.5315733333333333,0.006144601967038547,0.67006,0.000737495762699686,0.5872966666666667,0.004727804282469109,1.0229733333333335,0.0014294521094926267,1.0483066666666667,0.0020457109603591174,1.0014366666666665,0.01068046035212584,1.2620566666666668,0.001519879381179124
B,final_epoch,0.7568433333333333,0.048390106771253744,0.6339266666666666,0.06536912905441941,0.7098066666666667,0.07874665474376252,0.49799,0.06096669008565245,0.6699733333333334,0.0001443375672974226,0.5857633333333333,0.0039028878197218315,1.0248766666666667,0.0015992602456552443,1.0804200000000002,0.05970463047369101,1.1264399999999999,0.22741862280824773,1.29241,0.05366159800080498
A,best_epoch,0.7584266666666667,0.013140735646581329,0.6933066666666666,0.011684114572073174,0.75299,0.008115559130460448,0.5315733333333333,0.006144601967038547,0.67006,0.000737495762699686,0.5872966666666667,0.004727804282469109,1.0229733333333335,0.0014294521094926267,1.0483066666666667,0.0020457109603591174,1.0014366666666665,0.01068046035212584,1.2620566666666668,0.001519879381179124
B,best_epoch,0.75943,0.04400543943650603,0.63592,0.06192502967298445,0.71183,0.07524222484748837,0.49881,0.059547198926565764,0.6745466666666666,0.007850072186504612,0.58978,0.006039925496229237,1.0275666666666667,0.005631805512740403,1.08202,0.06247549039423366,1.1256566666666667,0.22606185178692437,1.29266,0.054092856275112754
